<?xml version="1.0" encoding="utf-8"?>
<odoo>
    <data noupdate="1">
        <!-- Sequences for sale.order -->
   	<record id="sequence_material_request" model="ir.sequence">
    	<field name="name">Material Request</field>
   		<field name="code">material.request</field>
	    <field name="active">TRUE</field>
	    <field name="prefix">MRIS</field>
	    <field name="padding">3</field>
	    <field name="number_next">1</field>
	    <field name="number_increment">1</field>
	</record>

    </data>
</odoo>
